[
  {
    "host": "js.monitor.azure.com",
    "port": 443
  },
  {
    "host": "alive.github.com",
    "port": 443
  },
  {
    "host": "login.live.com",
    "port": 443
  },
  {
    "host": "bn02pap001.storage.live.com",
    "port": 443
  },
  {
    "host": "collector.github.com",
    "port": 443
  },
  {
    "host": "marketplace.visualstudio.com",
    "port": 443
  },
  {
    "host": "github-production-upload-manifest-file-7fdce7.s3.amazonaws.com",
    "port": 443
  },
  {
    "host": "github.com",
    "port": 443
  },
  {
    "host": "code.visualstudio.com",
    "port": 443
  },
  {
    "host": "az764295.vo.msecnd.net",
    "port": 443
  },
  {
    "host": "doudouer121314.github.io",
    "port": 443
  },
  {
    "host": "fonts.geekzu.org",
    "port": 443
  },
  {
    "host": "update.code.visualstudio.com",
    "port": 443
  },
  {
    "host": "raw.githubusercontent.com",
    "port": 443
  },
  {
    "host": "codeload.github.com",
    "port": 443
  },
  {
    "host": "outlook.live.com",
    "port": 443
  },
  {
    "host": "storage.live.com",
    "port": 443
  },
  {
    "host": "login.microsoftonline.com",
    "port": 443
  },
  {
    "host": "avatars.githubusercontent.com",
    "port": 443
  },
  {
    "host": "api.github.com",
    "port": 443
  },
  {
    "host": "github.githubassets.com",
    "port": 443
  },
  {
    "host": "devtools.azureedge.net",
    "port": 443
  },
  {
    "host": "edgeassetservice.azureedge.net",
    "port": 443
  }
]